word,label
a ha,0
ai,0
ai ai,0
ai nấy,0
ai đó,0
alô,0
amen,0
anh,0
anh ấy,0
ba,0
ba ba,0
ba bản,0
ba cùng,0
ba họ,0
ba ngày,0
ba ngôi,0
ba tăng,0
bao giờ,1
bao lâu,1
bao nhiêu,1
bao nả,0
bay biến,0
biết,0
biết bao,0
biết bao nhiêu,0
biết chắc,0
biết chừng nào,0
biết mình,0
biết mấy,0
biết thế,0
biết trước,0
biết việc,0
biết đâu,0
biết đâu chừng,0
biết đâu đấy,0
biết được,0
buổi,0
buổi làm,0
buổi mới,0
buổi ngày,0
buổi sớm,0
bà,0
bà ấy,0
bài,0
bài bác,0
bài bỏ,0
bài cái,0
bác,0
bán,1
bán cấp,0
bán dạ,0
bán thế,0
bây bẩy,0
bây chừ,0
bây giờ,0
bây nhiêu,0
bèn,0
béng,0
bên,0
bên bị,0
bên có,0
bên cạnh,0
bông,0
bước,0
bước khỏi,0
bước tới,0
bước đi,0
bạn,0
bản,0
bản bộ,0
bản riêng,0
bản thân,0
bản ý,0
bất chợt,0
bất cứ,0
bất giác,0
bất kì,0
bất kể,0
bất kỳ,0
bất luận,0
bất ngờ,0
bất nhược,0
bất quá,0
bất quá chỉ,0
bất thình lình,0
bất tử,0
bất đồ,0
bấy,0
bấy chầy,0
bấy chừ,0
bấy giờ,0
bấy lâu,0
bấy lâu nay,0
bấy nay,0
bấy nhiêu,0
bập bà bập bõm,0
bập bõm,0
bắt đầu,1
bắt đầu từ,0
bằng,0
bằng cứ,0
bằng không,1
bằng người,0
bằng nhau,0
bằng như,0
bằng nào,0
bằng nấy,0
bằng vào,0
bằng được,0
bằng ấy,0
bển,0
bệt,0
bị,0
bị chú,0
bị vì,0
bỏ,1
bỏ bà,0
bỏ cha,0
bỏ cuộc,0
bỏ không,1
bỏ lại,1
bỏ mình,0
bỏ mất,1
bỏ mẹ,0
bỏ nhỏ,0
bỏ quá,0
bỏ ra,1
bỏ riêng,1
bỏ việc,0
bỏ xa,0
bỗng,0
bỗng chốc,0
bỗng dưng,0
bỗng không,0
bỗng nhiên,0
bỗng nhưng,0
bỗng thấy,0
bỗng đâu,0
bộ,0
bộ thuộc,0
bộ điều,0
bội phần,0
bớ,0
bởi,0
bởi ai,0
bởi chưng,0
bởi nhưng,0
bởi sao,0
bởi thế,0
bởi thế cho nên,0
bởi tại,0
bởi vì,0
bởi vậy,0
bởi đâu,0
bức,0
cao,1
cao lâu,1
cao ráo,1
cao răng,1
cao sang,1
cao số,1
cao thấp,1
cao thế,1
cao xa,1
cha,0
cha chả,0
chao ôi,0
chia sẻ,1
chiếc,0
cho,1
cho biết,0
cho chắc,0
cho hay,0
cho nhau,1
cho nên,0
cho rằng,0
cho rồi,0
cho thấy,0
cho tin,0
cho tới,0
cho tới khi,0
cho về,0
cho ăn,1
cho đang,0
cho được,1
cho đến,0
cho đến khi,0
cho đến nỗi,0
choa,0
chu cha,0
chui cha,0
chung,1
chung cho,0
chung chung,0
chung cuộc,0
chung cục,0
chung nhau,0
chung qui,0
chung quy,1
chung quy lại,1
chung ái,0
chuyển,1
chuyển tự,0
chuyển đạt,0
chuyện,0
chuẩn bị,0
chành chạnh,0
chí chết,0
chính,0
chính bản,0
chính giữa,0
chính là,0
chính thị,0
chính điểm,0
chùn chùn,0
chùn chũn,0
chú,0
chú dẫn,0
chú khách,0
chú mày,0
chú mình,0
chúng,0
chúng mình,0
chúng ta,0
chúng tôi,0
chúng ông,0
chăn chắn,0
chăng,0
chăng chắc,0
chăng nữa,0
chơi,1
chơi họ,0
chưa,1
chưa bao giờ,0
chưa chắc,0
chưa có,1
chưa cần,1
chưa dùng,1
chưa dễ,0
chưa kể,0
chưa tính,0
chưa từng,0
chầm chập,0
chậc,0
chắc,0
chắc chắn,1
chắc dạ,0
chắc hẳn,0
chắc lòng,0
chắc người,0
chắc vào,0
chắc ăn,0
chẳng lẽ,0
chẳng những,0
chẳng nữa,0
chẳng phải,0
chết nỗi,0
chết thật,0
chết tiệt,0
chỉ,0
chỉ chính,0
chỉ có,0
chỉ là,0
chỉ tên,0
chỉn,0
chị,0
chị bộ,0
chị ấy,0
chịu,1
chịu chưa,0
chịu lời,1
chịu tốt,1
chịu ăn,1
chọn,1
chọn bên,0
chọn ra,1
chốc chốc,0
chớ,0
chớ chi,0
chớ gì,0
chớ không,0
chớ kể,0
chớ như,0
chợt,0
chợt nghe,0
chợt nhìn,0
chủn,0
chứ,0
chứ ai,0
chứ còn,0
chứ gì,0
chứ không,1
chứ không phải,1
chứ lại,0
chứ lị,0
chứ như,0
chứ sao,0
coi bộ,0
coi mòi,0
con,0
con con,0
con dạ,0
con nhà,0
con tính,0
cu cậu,0
cuối,0
cuối cùng,0
cuối điểm,0
cuốn,0
cuộc,0
càng,0
càng càng,0
càng hay,0
cá nhân,0
các,0
các cậu,0
cách,0
cách bức,0
cách không,1
cách nhau,0
cách đều,0
cái,0
cái gì,0
cái họ,0
cái đã,0
cái đó,0
cái ấy,0
câu hỏi,0
cây,0
cây nước,0
còn,1
còn như,1
còn nữa,1
còn thời gian,1
còn về,1
còn có,1
có,1
có ai,0
có chuyện,0
có chăng,0
có chăng là,0
có chứ,0
có cơ,0
có dễ,1
có họ,0
có khi,0
có ngày,0
có người,0
có nhiều,1
có nhà,0
có phải,1
có số,0
có tháng,0
có thế,0
có thể,1
có vẻ,0
có ý,0
có ăn,0
có điều,0
có điều kiện,1
có đáng,1
có đâu,0
có được,1
cóc khô,0
cô,0
cô mình,0
cô quả,0
cô tăng,0
cô ấy,0
công nhiên,0
cùng,0
cùng chung,0
cùng cực,0
cùng nhau,0
cùng tuổi,0
cùng tột,0
cùng với,0
cùng ăn,0
căn,0
căn cái,0
căn cắt,0
căn tính,0
cũng,0
cũng như,0
cũng nên,0
cũng thế,0
cũng vậy,0
cũng vậy thôi,0
cũng được,1
cơ,0
cơ chỉ,0
cơ chừng,0
cơ cùng,0
cơ dẫn,0
cơ hồ,0
cơ hội,1
cơ mà,0
cơn,0
cả,0
cả nghe,0
cả nghĩ,0
cả ngày,0
cả người,0
cả nhà,0
cả năm,0
cả thảy,0
cả thể,0
cả tin,0
cả ăn,0
cả đến,0
cảm thấy,0
cảm ơn,0
cấp,0
cấp số,0
cấp trực tiếp,0
cần,1
cần cấp,0
cần gì,0
cần số,0
cật lực,0
cật sức,0
cậu,0
cổ lai,0
cụ thể,0
cụ thể là,0
cụ thể như,0
của,0
của ngọt,0
của tin,0
cứ,0
cứ như,0
cứ việc,0
cứ điểm,0
cực lực,0
do,0
do vì,0
do vậy,0
do đó,0
duy,0
duy chỉ,0
duy có,0
dài,0
dài lời,0
dài ra,0
dành,1
dành dành,0
dào,0
dì,0
dù,0
dù cho,0
dù dì,0
dù gì,0
dù rằng,0
dù sao,0
dùng,1
dùng cho,1
dùng hết,0
dùng làm,1
dùng đến,0
dưới,0
dưới nước,0
dạ,0
dạ bán,0
dạ con,0
dạ dài,0
dạ dạ,0
dạ khách,0
dần dà,0
dần dần,0
dầu sao,0
dẫn,0
dẫu,0
dẫu mà,0
dẫu rằng,0
dẫu sao,0
dễ,1
dễ dùng,1
dễ gì,0
dễ khiến,0
dễ nghe,0
dễ ngươi,0
dễ như chơi,0
dễ sợ,0
dễ sử dụng,1
dễ thường,0
dễ thấy,0
dễ ăn,0
dễ đâu,0
dở chừng,0
dữ,0
dữ cách,0
em,0
em em,0
giá trị,1
giá trị thực tế,0
giảm,1
giảm chính,0
giảm thấp,1
giảm thế,0
giống,0
giống người,0
giống nhau,0
giống như,0
giờ,0
giờ lâu,0
giờ này,0
giờ đi,0
giờ đây,0
giờ đến,0
giữ,1
giữ lấy,1
giữ ý,1
giữa,0
giữa lúc,0
gây,0
gây cho,0
gây giống,0
gây ra,0
gây thêm,0
gì,0
gì gì,0
gì đó,0
gần,0
gần bên,0
gần hết,0
gần ngày,0
gần như,0
gần xa,0
gần đây,0
gần đến,0
gặp,0
gặp khó khăn,0
gặp phải,0
gồm,0
hay,0
hay biết,0
hay hay,0
hay không,1
hay là,0
hay làm,0
hay nhỉ,0
hay nói,0
hay sao,0
hay tin,0
hay đâu,0
hiểu,0
hiện nay,0
hiện tại,0
hoàn toàn,0
hoặc,0
hoặc là,0
hãy,0
hãy còn,0
hơn,0
hơn cả,0
hơn hết,0
hơn là,0
hơn nữa,0
hơn trước,0
hầu hết,0
hết,0
hết chuyện,0
hết cả,0
hết của,0
hết nói,0
hết ráo,0
hết rồi,0
hết ý,0
họ,0
họ gần,0
họ xa,0
hỏi,1
hỏi lại,1
hỏi xem,1
hỏi xin,1
hỗ trợ,1
khi,0
khi khác,0
khi không,0
khi nào,0
khi nên,0
khi trước,0
khiến,0
khoảng,0
khoảng cách,0
khoảng không,0
khá,1
khá tốt,1
khác,1
khác gì,1
khác khác,1
khác nhau,1
khác nào,0
khác thường,1
khác xa,1
khách,1
khách hàng,1
khó,1
khó biết,1
khó chơi,1
khó khăn,1
khó làm,1
khó mở,1
khó nghe,1
khó nghĩ,1
khó nói,1
khó thấy,1
khó tránh,1
không,1
không ai,0
không bao giờ,1
không bao lâu,0
không biết,0
không bán,1
không chỉ,1
không còn,1
không có,1
không có gì,0
không cùng,0
không cần,1
không cứ,0
không dùng,1
không gì,1
không hay,1
không khỏi,0
không kể,0
không ngoài,0
không nhận,1
không những,1
không phải,1
không phải không,1
không thể,1
không tính,1
không điều kiện,1
không được,1
không đầy,0
không để,1
khẳng định,0
khỏi,0
khỏi nói,0
kể,0
kể cả,0
kể như,0
kể tới,0
kể từ,0
liên quan,0
loại,1
loại từ,0
luôn,0
luôn cả,0
luôn luôn,0
luôn tay,0
là,0
là cùng,0
là là,0
là nhiều,0
là phải,0
là thế nào,0
là vì,0
là ít,0
làm,1
làm bằng,0
làm cho,1
làm dần dần,0
làm gì,0
làm lòng,1
làm lại,1
làm lấy,1
làm mất,1
làm ngay,1
làm như,0
làm nên,1
làm ra,1
làm riêng,1
làm sao,0
làm theo,0
làm thế nào,0
làm tin,0
làm tôi,0
làm tăng,0
làm tại,0
làm tắp lự,0
làm vì,0
làm đúng,1
làm được,1
lâu,1
lâu các,0
lâu lâu,0
lâu nay,0
lâu ngày,0
lên,0
lên cao,0
lên cơn,0
lên mạnh,0
lên ngôi,0
lên nước,0
lên số,0
lên xuống,0
lên đến,0
lòng,1
lòng không,0
lúc,0
lúc khác,0
lúc lâu,0
lúc nào,0
lúc này,0
lúc sáng,0
lúc trước,0
lúc đi,0
lúc đó,0
lúc đến,0
lúc ấy,0
lý do,0
lượng,0
lượng cả,0
lượng số,0
lượng từ,0
lại,0
lại bộ,0
lại cái,0
lại còn,0
lại giống,0
lại làm,0
lại người,0
lại nói,0
lại nữa,0
lại quả,0
lại thôi,0
lại ăn,0
lại đây,0
lấy,1
lấy có,0
lấy cả,0
lấy giống,0
lấy làm,1
lấy lý do,0
lấy lại,1
lấy ra,1
lấy ráo,0
lấy sau,0
lấy số,0
lấy thêm,1
lấy thế,0
lấy vào,0
lấy xuống,1
lấy được,1
lấy để,0
lần,0
lần khác,0
lần lần,0
lần nào,0
lần này,0
lần sang,0
lần sau,0
lần theo,0
lần trước,0
lần tìm,0
lớn,0
lớn lên,0
lớn nhỏ,0
lời,0
lời chú,0
lời nói,0
mang,1
mang lại,1
mang mang,0
mang nặng,0
mang về,1
muốn,1
mà,0
mà cả,0
mà không,0
mà lại,0
mà thôi,0
mà vẫn,0
mình,0
mạnh,0
mất,0
mất còn,0
mọi,0
mọi giờ,0
mọi khi,0
mọi lúc,0
mọi người,0
mọi nơi,0
mọi sự,0
mọi thứ,0
mọi việc,0
mối,0
mỗi,0
mỗi lúc,0
mỗi lần,0
mỗi một,0
mỗi ngày,0
mỗi người,0
một,0
một cách,0
một cơn,0
một khi,0
một lúc,0
một số,0
một vài,0
một ít,0
mới,0
mới hay,0
mới rồi,0
mới đây,0
mở,0
mở mang,0
mở nước,0
mở ra,0
mợ,0
mức,0
nay,0
nè,0
ngay,0
ngay bây giờ,0
ngay cả,0
ngay khi,0
ngay khi đến,0
ngay lúc,0
ngay lúc này,0
ngay lập tức,0
ngay thật,0
ngay tức khắc,0
ngay tức thì,0
ngay từ,0
nghe,1
nghe chừng,0
nghe hiểu,0
nghe không,0
nghe lại,0
nghe nhìn,0
nghe như,0
nghe nói,0
nghe ra,0
nghe rõ,0
nghe thấy,0
nghe tin,0
nghe trực tiếp,0
nghe đâu,0
nghe đâu như,0
nghe được,1
nghen,0
nghiễm nhiên,0
nghĩ,0
nghĩ lại,0
nghĩ ra,0
nghĩ tới,0
nghĩ xa,0
nghĩ đến,0
nghỉm,0
ngoài,0
ngoài này,0
ngoài ra,0
ngoài xa,0
ngoải,0
nguồn,0
ngày,1
ngày càng,0
ngày cấp,0
ngày giờ,1
ngày ngày,0
ngày nào,1
ngày này,0
ngày nọ,0
ngày qua,0
ngày rày,0
ngày tháng,1
ngày xưa,0
ngày xửa,0
ngày đến,0
ngày ấy,0
ngôi,1
ngôi nhà,1
ngôi thứ,0
ngõ hầu,0
ngăn ngắt,0
ngươi,0
người,0
người hỏi,0
người khác,0
người khách,0
người mình,0
người nghe,0
người người,0
người nhận,0
ngọn,0
ngọn nguồn,0
ngọt,0
ngồi,0
ngồi bệt,0
ngồi không,0
ngồi sau,0
ngồi trệt,0
ngộ nhỡ,0
nha,0
nhanh,1
nhanh lên,1
nhanh tay,1
nhau,0
nhiên hậu,0
nhiều,1
nhiều ít,1
nhiệt liệt,1
nhung nhăng,0
nhà,0
nhà chung,0
nhà khó,0
nhà làm,0
nhà ngoài,0
nhà ngươi,0
nhà tôi,0
nhà việc,0
nhân dịp,0
nhân tiện,0
nhé,0
nhìn,1
nhìn chung,0
nhìn lại,0
nhìn nhận,0
nhìn theo,0
nhìn thấy,1
nhìn xuống,0
nhóm,0
nhón nhén,0
như,0
như ai,0
như chơi,0
như không,1
như là,0
như nhau,1
như quả,0
như sau,0
như thường,0
như thế,0
như thế nào,0
như thể,0
như trên,0
như trước,0
như tuồng,0
như vậy,0
như ý,0
nhưng,0
nhưng mà,0
nhược bằng,0
nhất,0
nhất loạt,0
nhất luật,0
nhất là,0
nhất mực,0
nhất nhất,0
nhất quyết,0
nhất sinh,0
nhất thiết,0
nhất thì,0
nhất tâm,0
nhất tề,0
nhất đán,0
nhất định,0
nhận,1
nhận biết,1
nhận họ,0
nhận làm,1
nhận nhau,0
nhận ra,0
nhận thấy,0
nhận việc,0
nhận được,1
nhằm,0
nhằm khi,0
nhằm lúc,0
nhằm vào,0
nhằm để,0
nhỉ,0
nhỏ,0
nhỏ người,0
nhớ,0
nhớ bập bõm,0
nhớ lại,0
nhớ lấy,0
nhớ ra,0
nhờ,0
nhờ chuyển,0
nhờ có,0
nhờ nhờ,0
nhờ đó,0
nhỡ ra,0
những,0
những ai,0
những khi,0
những là,0
những lúc,0
những muốn,0
những như,0
nào,0
nào cũng,0
nào hay,0
nào là,0
nào phải,0
nào đâu,0
nào đó,0
này,0
này nọ,0
nên,0
nên chi,0
nên chăng,0
nên làm,0
nên người,0
nên tránh,0
nó,0
nóc,0
nói,0
nói bông,0
nói chung,0
nói khó,0
nói là,0
nói lên,0
nói lại,0
nói nhỏ,0
nói phải,0
nói qua,0
nói ra,0
nói riêng,0
nói rõ,0
nói thêm,0
nói thật,0
nói toẹt,0
nói trước,0
nói tốt,1
nói với,0
nói xa,0
nói ý,0
nói đến,0
nói đủ,0
năm,0
năm tháng,0
nơi,0
nơi nơi,0
nước,0
nước bài,0
nước cùng,0
nước lên,0
nước nặng,0
nước quả,0
nước xuống,0
nước ăn,0
nước đến,0
nấy,0
nặng,0
nặng căn,0
nặng mình,0
nặng về,0
nếu,0
nếu có,0
nếu cần,0
nếu không,0
nếu mà,0
nếu như,0
nếu thế,0
nếu vậy,0
nếu được,0
nền,0
nọ,0
nớ,0
nức nở,0
nữa,0
nữa khi,0
nữa là,0
nữa rồi,0
oai oái,0
oái,0
pho,0
phè,0
phè phè,0
phía,0
phía bên,0
phía bạn,0
phía dưới,0
phía sau,0
phía trong,0
phía trên,0
phía trước,0
phóc,0
phót,0
phù hợp,0
phăn phắt,0
phương chi,0
phải,0
phải biết,0
phải chi,0
phải chăng,0
phải cách,0
phải cái,0
phải giờ,0
phải khi,0
phải không,0
phải lại,0
phải lời,0
phải người,0
phải như,0
phải rồi,0
phải tay,0
phần,0
phần lớn,0
phần nhiều,0
phần nào,0
phần sau,0
phần việc,0
phắt,0
phỉ phui,0
phỏng,0
phỏng như,0
phỏng nước,0
phỏng theo,0
phỏng tính,0
phốc,0
phụt,0
phứt,0
qua,0
qua chuyện,0
qua khỏi,0
qua lại,0
qua lần,0
qua ngày,0
qua tay,0
qua thì,0
qua đi,0
quan trọng,0
quan trọng vấn đề,0
quan tâm,0
quay,0
quay bước,0
quay lại,0
quay số,0
quay đi,0
quá,0
quá bán,0
quá bộ,0
quá giờ,0
quá lời,0
quá mức,0
quá nhiều,0
quá tay,0
quá thì,0
quá tin,0
quá trình,0
quá tuổi,0
quá đáng,0
quá ư,0
quả,0
quả là,0
quả thật,0
quả thế,0
quả vậy,0
quận,0
ra,0
ra bài,0
ra bộ,0
ra chơi,0
ra gì,0
ra lại,0
ra lời,0
ra ngôi,0
ra người,0
ra sao,0
ra tay,0
ra vào,0
ra ý,0
ra điều,0
ra đây,0
ren rén,0
riu ríu,0
riêng,0
riêng từng,0
riệt,0
rày,0
ráo,0
ráo cả,0
ráo nước,0
ráo trọi,0
rén,0
rén bước,0
rích,0
rón rén,0
rõ,0
rõ là,0
rõ thật,0
rút cục,0
răng,0
răng răng,0
rất,0
rất lâu,0
rằng,0
rằng là,0
rốt cuộc,0
rốt cục,0
rồi,0
rồi nữa,0
rồi ra,0
rồi sao,0
rồi sau,0
rồi tay,0
rồi thì,0
rồi xem,0
rồi đây,0
rứa,0
sa sả,0
sang,0
sang năm,0
sang sáng,0
sang tay,0
sao,0
sao bản,0
sao bằng,0
sao cho,0
sao vậy,0
sao đang,0
sau,0
sau chót,0
sau cuối,0
sau cùng,0
sau hết,0
sau này,0
sau nữa,0
sau sau,0
sau đây,0
sau đó,0
so,0
so với,0
song le,0
suýt,0
suýt nữa,0
sáng,0
sáng ngày,0
sáng rõ,0
sáng thế,0
sáng ý,0
sì,0
sì sì,0
sất,0
sắp,0
sắp đặt,0
sẽ,0
sẽ biết,0
sẽ hay,0
số,0
số cho biết,0
số cụ thể,0
số loại,0
số là,0
số người,0
số phần,0
số thiếu,0
sốt sột,0
sớm,0
sớm ngày,0
sở dĩ,0
sử dụng,1
sự,1
sự thế,0
sự việc,0
tanh,0
tanh tanh,0
tay,0
tay quay,0
tha hồ,0
tha hồ chơi,0
tha hồ ăn,0
than ôi,0
thanh,0
thanh ba,0
thanh chuyển,0
thanh không,0
thanh thanh,0
thanh tính,0
thanh điều kiện,0
thanh điểm,0
thay đổi,0
thay đổi tình trạng,0
theo,0
theo bước,0
theo như,0
theo tin,0
thi thoảng,0
thiếu,0
thiếu gì,0
thiếu điểm,0
thoạt,0
thoạt nghe,0
thoạt nhiên,0
thoắt,0
thuần,0
thuần ái,0
thuộc,0
thuộc bài,0
thuộc cách,0
thuộc lại,0
thuộc từ,0
thà,0
thà là,0
thà rằng,0
thành ra,0
thành thử,0
thái quá,0
tháng,0
tháng ngày,0
tháng năm,0
tháng tháng,0
thêm,0
thêm chuyện,0
thêm giờ,0
thêm vào,0
thì,0
thì giờ,0
thì là,0
thì phải,0
thì ra,0
thì thôi,0
thình lình,0
thích,0
thích cứ,0
thích thuộc,0
thích tự,0
thích ý,0
thím,0
thôi,0
thôi việc,0
thúng thắng,0
thương ôi,0
thường,0
thường bị,0
thường hay,0
thường khi,0
thường số,0
thường sự,0
thường thôi,0
thường thường,0
thường tính,0
thường tại,0
thường xuất hiện,0
thường đến,0
thảo hèn,0
thảo nào,0
thấp,0
thấp cơ,0
thấp thỏm,0
thấp xuống,0
thấy,0
thấy tháng,0
thẩy,0
thậm,0
thậm chí,0
thậm cấp,0
thậm từ,0
thật,0
thật chắc,0
thật là,0
thật lực,0
thật quả,0
thật ra,0
thật sự,0
thật thà,0
thật tốt,1
thật vậy,0
thế,0
thế chuẩn bị,0
thế là,0
thế lại,0
thế mà,0
thế nào,0
thế nên,0
thế ra,0
thế sự,0
thế thì,0
thế thôi,0
thế thường,0
thế thế,0
thế à,0
thế đó,0
thếch,0
thỉnh thoảng,0
thỏm,0
thốc,0
thốc tháo,0
thốt,0
thốt nhiên,0
thốt nói,0
thốt thôi,0
thộc,0
thời gian,0
thời gian sử dụng,0
thời gian tính,0
thời điểm,0
thục mạng,0
thứ,0
thứ bản,0
thứ đến,0
thửa,0
thực hiện,0
thực hiện đúng,0
thực ra,0
thực sự,0
thực tế,0
thực vậy,0
tin,0
tin thêm,0
tin vào,0
tiếp theo,0
tiếp tục,0
tiếp đó,0
tiện thể,0
toà,0
toé khói,0
toẹt,0
trong,0
trong khi,0
trong lúc,0
trong mình,0
trong ngoài,0
trong này,0
trong số,0
trong vùng,0
trong đó,0
trong ấy,0
tránh,0
tránh khỏi,0
tránh ra,0
tránh tình trạng,0
tránh xa,0
trên,0
trên bộ,0
trên dưới,0
trước,0
trước hết,0
trước khi,0
trước kia,0
trước nay,0
trước ngày,0
trước nhất,0
trước sau,0
trước tiên,0
trước tuổi,0
trước đây,0
trước đó,0
trả,0
trả của,0
trả lại,0
trả ngay,0
trả trước,0
trếu tráo,0
trển,0
trệt,0
trệu trạo,0
trỏng,0
trời đất ơi,0
trở thành,0
trừ phi,0
trực tiếp,0
trực tiếp làm,0
tuy,0
tuy có,0
tuy là,0
tuy nhiên,0
tuy rằng,0
tuy thế,0
tuy vậy,0
tuy đã,0
tuyệt nhiên,0
tuần tự,0
tuốt luốt,0
tuốt tuồn tuột,0
tuốt tuột,0
tuổi,0
tuổi cả,0
tuổi tôi,0
tà tà,0
tên,0
tên chính,0
tên cái,0
tên họ,0
tên tự,0
tênh,0
tênh tênh,0
tìm,0
tìm bạn,0
tìm cách,0
tìm hiểu,0
tìm ra,0
tìm việc,0
tình trạng,0
tính,0
tính cách,0
tính căn,0
tính người,0
tính phỏng,0
tính từ,0
tít mù,0
tò te,0
tôi,0
tôi con,0
tông tốc,0
tù tì,0
tăm tắp,0
tăng,0
tăng chúng,0
tăng cấp,0
tăng giảm,0
tăng thêm,0
tăng thế,0
tại,0
tại lòng,0
tại nơi,0
tại sao,0
tại tôi,0
tại vì,0
tại đâu,0
tại đây,0
tại đó,0
tạo,0
tạo cơ hội,0
tạo nên,0
tạo ra,0
tạo ý,0
tạo điều kiện,0
tấm,0
tấm bản,0
tấm các,0
tấn,0
tấn tới,0
tất cả,0
tất cả bao nhiêu,0
tất thảy,0
tất tần tật,0
tất tật,0
tập trung,0
tắp,0
tắp lự,0
tắp tắp,0
tọt,0
tỏ ra,0
tỏ vẻ,0
tốc tả,0
tối ư,0
tốt,1
tốt bạn,0
tốt bộ,0
tốt hơn,1
tốt mối,0
tốt ngày,0
tột,0
tột cùng,0
tớ,0
tới,0
tới gần,0
tới mức,0
tới nơi,0
tới thì,0
tức thì,0
tức tốc,0
từ,0
từ căn,0
từ giờ,0
từ khi,0
từ loại,0
từ nay,0
từ thế,0
từ tính,0
từ tại,0
từ từ,0
từ ái,0
từ điều,0
từ đó,0
từ ấy,0
từng,0
từng cái,0
từng giờ,0
từng nhà,0
từng phần,0
từng thời gian,0
từng đơn vị,0
từng ấy,0
tự,0
tự cao,0
tự khi,0
tự lượng,0
tự tính,0
tự tạo,0
tự vì,0
tự ý,0
tự ăn,0
tựu trung,0
veo,0
veo veo,0
việc,0
việc gì,0
vung thiên địa,0
vung tàn tán,0
vung tán tàn,0
và,0
vài,0
vài ba,0
vài người,0
vài nhà,0
vài nơi,0
vài tên,0
vài điều,0
vào,0
vào gặp,0
vào khoảng,0
vào lúc,0
vào vùng,0
vào đến,0
vâng,0
vâng chịu,0
vâng dạ,0
vâng vâng,0
vâng ý,0
vèo,0
vèo vèo,0
vì,0
vì chưng,0
vì rằng,0
vì sao,0
vì thế,0
vì vậy,0
ví bằng,0
ví dù,0
ví phỏng,0
ví thử,0
vô hình trung,0
vô kể,0
vô luận,0
vô vàn,0
vùng,0
vùng lên,0
vùng nước,0
văng tê,0
vượt,0
vượt khỏi,0
vượt quá,0
vạn nhất,0
vả chăng,0
vả lại,0
vấn đề,0
vấn đề quan trọng,0
vẫn,0
vẫn thế,0
vậy,0
vậy là,0
vậy mà,0
vậy nên,0
vậy ra,0
vậy thì,0
vậy ư,0
về,0
về không,0
về nước,0
về phần,0
về sau,0
về tay,0
vị trí,0
vị tất,0
vốn dĩ,0
với,0
với lại,0
với nhau,0
vở,0
vụt,0
vừa,0
vừa khi,0
vừa lúc,0
vừa mới,0
vừa qua,0
vừa rồi,0
vừa vừa,0
xa,0
xa cách,0
xa gần,0
xa nhà,0
xa tanh,0
xa tắp,0
xa xa,0
xa xả,0
xem,0
xem lại,0
xem ra,0
xem số,0
xin,0
xin gặp,0
xin vâng,0
xiết bao,0
xon xón,0
xoành xoạch,0
xoét,0
xoẳn,0
xoẹt,0
xuất hiện,0
xuất kì bất ý,0
xuất kỳ bất ý,0
xuể,0
xuống,0
xăm xúi,0
xăm xăm,0
xăm xắm,0
xảy ra,0
xềnh xệch,0
xệp,0
xử lý,0
yêu cầu,1
à,0
à này,0
à ơi,0
ào,0
ào vào,0
ào ào,0
á,0
á à,0
ái,0
ái chà,0
ái dà,0
áng,0
áng như,0
âu là,0
ít,1
ít biết,0
ít có,1
ít hơn,1
ít khi,0
ít lâu,0
ít nhiều,1
ít nhất,1
ít nữa,0
ít quá,1
ít ra,0
ít thôi,1
ít thấy,1
ô hay,0
ô hô,0
ô kê,0
ô kìa,0
ôi chao,0
ôi thôi,0
ông,0
ông nhỏ,0
ông tạo,0
ông từ,0
ông ấy,0
ông ổng,0
úi,0
úi chà,0
úi dào,0
ý,0
ý chừng,0
ý da,0
ý hoặc,0
ăn,1
ăn chung,1
ăn chắc,0
ăn chịu,0
ăn cuộc,0
ăn hết,0
ăn hỏi,0
ăn làm,0
ăn người,0
ăn ngồi,0
ăn quá,0
ăn riêng,0
ăn sáng,1
ăn tay,0
ăn trên,0
ăn về,0
đang,0
đang tay,0
đang thì,0
điều,0
điều gì,0
điều kiện,0
điểm,0
điểm chính,0
điểm gặp,0
điểm đầu tiên,0
đành đạch,0
đáng,0
đáng kể,0
đáng lí,0
đáng lý,0
đáng lẽ,0
đáng số,0
đánh giá,0
đánh đùng,0
đáo để,0
đâu,1
đâu có,1
đâu cũng,0
đâu như,1
đâu nào,0
đâu phải,1
đâu đâu,1
đâu đây,0
đâu đó,0
đây,0
đây này,0
đây rồi,0
đây đó,0
đã,0
đã hay,0
đã không,0
đã là,0
đã lâu,0
đã thế,0
đã vậy,0
đã đủ,0
đó,0
đó đây,0
đúng,0
đúng ngày,0
đúng ra,0
đúng tuổi,0
đúng với,0
đơn vị,0
đưa,1
đưa cho,1
đưa chuyện,0
đưa em,0
đưa ra,0
đưa tay,0
đưa tin,0
đưa tới,0
đưa vào,0
đưa về,0
đưa xuống,0
đưa đến,1
được,1
được cái,0
được lời,0
được nước,0
được tin,0
đại loại,0
đại nhân,0
đại phàm,0
đại để,0
đạt,0
đảm bảo,0
đầu tiên,0
đầy,0
đầy năm,0
đầy phè,0
đầy tuổi,0
đặc biệt,0
đặt,1
đặt làm,1
đặt mình,0
đặt mức,0
đặt ra,1
đặt trước,1
đặt để,1
đến,0
đến bao giờ,0
đến cùng,0
đến cùng cực,0
đến cả,0
đến giờ,0
đến gần,0
đến hay,0
đến khi,0
đến lúc,0
đến lời,0
đến nay,0
đến ngày,0
đến nơi,0
đến nỗi,0
đến thì,0
đến thế,0
đến tuổi,0
đến xem,0
đến điều,0
đến đâu,0
đều,0
đều bước,0
đều nhau,0
đều đều,0
để,0
để cho,0
để giống,0
để không,0
để lòng,1
để lại,1
để mà,0
để phần,0
để được,0
để đến nỗi,0
đối với,0
đồng thời,0
đủ,1
đủ dùng,1
đủ nơi,0
đủ số,1
đủ điều,0
đủ điểm,0
ơ,0
ơ hay,0
ơ kìa,0
ơi,0
ơi là,0
ư,0
ạ,0
ạ ơi,0
ấy,0
ấy là,0
ầu ơ,0
ắt,0
ắt hẳn,0
ắt là,0
ắt phải,0
ắt thật,0
ối dào,0
ối giời,0
ối giời ơi,0
ồ,0
ồ ồ,0
ổng,0
ớ,0
ớ này,0
ờ,0
ờ ờ,0
ở,0
ở lại,0
ở như,0
ở nhờ,0
ở năm,0
ở trên,0
ở vào,0
ở đây,0
ở đó,0
ở được,0
ủa,0
ứ hự,0
ứ ừ,0
ừ,0
ừ nhé,0
ừ thì,0
ừ ào,0
ừ ừ,0
ử,0
a lô,0
ạ,0